[
  {
    "label": "What does HTML stand for?",
    "choices": [
      {
        "value": "Hyperlinks and Text Markup Languag",
        "correct": false
      },
      {
        "value": "Home Tool Markup Language",
        "correct": false
      },
      {
        "value": "Hyper Text Markup Language",
        "correct": true
      }
    ]
  },
  {
    "label": "Who is making the Web standards?",
    "choices": [
      {
        "value": "Google",
        "correct": false
      },
      {
        "value": "The World Wide Web Consortium",
        "correct": true
      },
      {
        "value": "Microsoft",
        "correct": false
      },
      {
        "value": "Mozilla",
        "correct": true
      }
    ]
  },
  {
    "label": "Choose the correct HTML element for the largest heading?",
    "choices": [
      {
        "value": "<h1>",
        "correct": true
      },
      {
        "value": "<h6>",
        "correct": false
      },
      {
        "value": "<head>",
        "correct": false
      },
      {
        "value": "<heading>",
        "correct": false
      }
    ]
  },
  {
    "label": "What is the correct HTML element for inserting a line break?",
    "choices": [
      {
        "value": "<br>",
        "correct": true
      },
      {
        "value": "<break>",
        "correct": false
      },
      {
        "value": "<lb>",
        "correct": false
      }
    ]
  },
  {
    "label": "What is the correct HTML for adding a background color?",
    "choices": [
      {
        "value": "<body style=\"background-color:yellow;\">",
        "correct": true
      },
      {
        "value": "<body bg=\"yellow\">",
        "correct": false
      },
      {
        "value": "<background>yellow</background>",
        "correct": false
      }
    ]
  }
]
